month_continuous,gp_mean,gp_lower_95,gp_upper_95
1.0,0.306041963890785,0.13520552503818764,0.47687840274338233
1.0552763819095476,0.3062163780849521,0.13834463539959557,0.47408812077030865
1.1105527638190955,0.30639291807870295,0.14109074099958066,0.47169509515782526
1.1658291457286432,0.3065852103485845,0.14348119674094226,0.4696892239562267
1.221105527638191,0.30680709942170714,0.14555644044320404,0.46805775840021024
1.2763819095477387,0.30707258082514693,0.1473592414137111,0.4667859202365828
1.3316582914572863,0.30739573125436515,0.14893390103322787,0.4658575614755024
1.3869346733668342,0.3077906362717619,0.15032544723019142,0.46525582531333237
1.442211055276382,0.30827131587065126,0.15157886102121151,0.464963770720091
1.4974874371859297,0.30885164826270295,0.15273836623649936,0.4649649302889065
1.5527638190954773,0.3095452922679868,0.1538468046136513,0.46524377992232235
1.6080402010050252,0.31036560870607854,0.1549451091210728,0.4657861082910843
1.6633165829145728,0.3113255812039575,0.1560718798682947,0.4665792825396202
1.7185929648241207,0.31243773685155996,0.15726306004979587,0.46761241365332407
1.7738693467336684,0.3137140671486218,0.15855170438564054,0.4688764299116031
1.829145728643216,0.3151659496967388,0.15996782944105697,0.4703640699524206
1.8844221105527639,0.31680407109826997,0.16153833376717638,0.4720698084293635
1.9396984924623117,0.31863835152859643,0.16328697563099664,0.4739897274261962
1.9949748743718594,0.3206778714503811,0.16523439680037522,0.47612134610038703
2.050251256281407,0.32293080093761495,0.167398182067507,0.4784634198077229
2.1055276381909547,0.32540433207341396,0.16979294565175923,0.4810157184950687
2.1608040201005023,0.32810461487866116,0.17243043711840084,0.4837787926389215
2.2160804020100504,0.331036697218677,0.17531966085331244,0.4867537335840416
2.271356783919598,0.334204469122107,0.17846700437246327,0.4899419338717507
2.3266331658291457,0.33761061193017683,0.18187637178823152,0.49334485207212214
2.381909547738694,0.3412565526754876,0.18554931960125873,0.49696378574971645
2.4371859296482414,0.3451424240674923,0.18948519265186392,0.5007996554831207
2.492462311557789,0.3492670304370787,0.19368125857520035,0.504852802298957
2.5477386934673367,0.3536278199650602,0.1981328394878811,0.5091228004422393
2.6030150753768844,0.35822086348929544,0.20283343992051509,0.5136082870580758
2.658291457286432,0.3630408401525328,0.2077748702271931,0.5183068100778725
2.71356783919598,0.36808103011819315,0.2129473648730722,0.5232146953633141
2.7688442211055277,0.37333331454436497,0.21833969514444204,0.5283269339442879
2.8241206030150754,0.37878818296741557,0.22393927595665708,0.533637089978174
2.8793969849246235,0.38443474820617785,0.22973226656524912,0.5391372298471065
2.934673366834171,0.3902607688556757,0.23570366512024019,0.5448178725911111
2.9899497487437188,0.3962526793964347,0.241837397146567,0.5506679616463024
3.0452261306532664,0.40239562790134376,0.24811639818305042,0.5566748576196371
3.100502512562814,0.4086735212775896,0.25452269096580676,0.5628243515893725
3.155778894472362,0.4150690779362371,0.2610374576932434,0.5691006981792308
3.21105527638191,0.4215638877371944,0.2676411080524857,0.575486667421903
3.2663316582914574,0.4281384790125828,0.27431334381351824,0.5819636142116473
3.321608040201005,0.4347723924275143,0.28103322090090477,0.5885115639541239
3.3768844221105527,0.44144426139401055,0.2877792099272294,0.5951093128607917
3.432160804020101,0.4481318987117133,0.2945292562130434,0.6017345412103832
3.4874371859296485,0.4548123890684297,0.3012608403224651,0.6083639378143944
3.542713567839196,0.4614621869945538,0.30795104011071484,0.6149733338783928
3.5979899497487438,0.46805721982854376,0.31457659521150283,0.6215378444455847
3.6532663316582914,0.4745729952158445,0.3211139747911388,0.6280320156405502
3.7085427135678395,0.4809847126314947,0.32753944926738354,0.6344299759956059
3.763819095477387,0.487267378387129,0.33382916653998707,0.640705590234271
3.819095477386935,0.49339592355656464,0.33995923311304643,0.6468326140000829
3.8743718592964824,0.4993453242306679,0.3459058003130402,0.6527848481482956
3.9296482412060305,0.5050907234921156,0.3516451556274114,0.6585362913568198
3.984924623115578,0.5106075544839602,0.3571538190123327,0.6640612899555878
4.040201005025126,0.5158716639327942,0.3624086438501205,0.6693346840154678
4.0954773869346734,0.5208594354779252,0.3673869220809998,0.6743319488748507
4.150753768844221,0.525547912152239,0.3720664928934918,0.6790293314109861
4.206030150753769,0.5299149173587313,0.37642585423574876,0.6834039804817138
4.261306532663317,0.5339391736885437,0.38044427630735134,0.6874340710697361
4.316582914572864,0.5376004189323087,0.384101916109101,0.6910989217555163
4.371859296482413,0.5408795186463031,0.38737993206688515,0.6943791052257211
4.42713567839196,0.5437585746483002,0.3902605977044049,0.6972565515921956
4.482412060301508,0.5462210288353437,0.3927274133182569,0.6997146443524306
4.5376884422110555,0.5482517617363051,0.39476521460557723,0.7017383088670329
4.592964824120603,0.549837185236528,0.3963602772090142,0.7033140932640418
4.648241206030151,0.5509653289393959,0.3975004161737414,0.7044302417050503
4.703517587939698,0.5516259196605429,0.3981750793557925,0.7050767599652932
4.758793969849247,0.551810453584205,0.39837543387804464,0.7052454732903654
4.814070351758794,0.5515122606479019,0.3980944447984538,0.7049300764973501
4.869346733668342,0.550726560760702,0.39732694523233425,0.7041261762890698
4.92462311557789,0.5494505115019608,0.39606969725582475,0.7028313257480968
4.9798994974874375,0.5476832469909796,0.3943214430082782,0.701045050973681
5.035175879396985,0.5454259076634465,0.3920829455064531,0.6987688698204397
5.090452261306533,0.542681660737524,0.3893570187810076,0.6960063026940404
5.1457286432160805,0.5394557112006834,0.3861485470440185,0.6927628753573483
5.201005025125628,0.5357553031976358,0.3824644926942674,0.6890461137010041
5.256281407035176,0.5315897117496186,0.37831389306278496,0.6848655304364522
5.311557788944724,0.5269702247855969,0.3737078458935946,0.6802326036775991
5.366834170854272,0.5219101155164101,0.36865948364306167,0.6751607473897585
5.42211055276382,0.516424605233193,0.36318393676402794,0.6696652737023581
5.477386934673367,0.5105308166610029,0.3572982862180091,0.6637633471039966
5.532663316582915,0.504247718047826,0.35102150552937517,0.6574739305662768
5.5879396984924625,0.49759605821708386,0.3443743927591939,0.6508177236749738
5.64321608040201,0.4905982928583489,0.3373794928334522,0.6438170928832456
5.698492462311558,0.4832785023763516,0.3300610107104627,0.6364959940422406
5.7537688442211055,0.475662301661633,0.3224447159160963,0.6288798874071697
5.809045226130654,0.4677767421875704,0.3145578390127118,0.620995645362429
5.864321608040202,0.45965020687784225,0.3064289605995666,0.6128714531561179
5.919597989949749,0.45131229822469937,0.29808789346872744,0.6045367029806713
5.974874371859297,0.44279372017303276,0.28956555856254484,0.5960218817835207
6.030150753768845,0.43412615431619583,0.28089385539631345,0.5873584532360783
6.085427135678392,0.4253421309780233,0.27210552762375184,0.5785787343322948
6.14070351758794,0.4164748957809036,0.2632340244340242,0.5697157671277829
6.1959798994974875,0.40755827232192554,0.2543133584772167,0.5608031861666344
6.251256281407035,0.39862652159788525,0.24537796102090634,0.5518750821748641
6.306532663316583,0.38971419883574365,0.23646253504417752,0.5429658626273097
6.361809045226131,0.3808560083971065,0.22760190697698893,0.5341101098172241
6.417085427135679,0.3720866574341881,0.21883087779229704,0.5253424370760792
6.472361809045227,0.3634407089799996,0.21018407415577037,0.5166973438042288
6.527638190954774,0.3549524351572682,0.20169580033303414,0.5082090699815023
6.582914572864322,0.346655671189225,0.19339989154733148,0.49991145083111854
6.63819095477387,0.3385836708902701,0.18532956947015705,0.4918377723103831
6.693467336683417,0.33076896430636415,0.17751730051479317,0.4840206280979351
6.748743718592965,0.3232432181633421,0.16999465758636423,0.47649177874032
6.8040201005025125,0.31603709976666194,0.16279218592195208,0.4692820136113718
6.859296482412061,0.3091801449782988,0.15593927363141705,0.4624210163251806
6.914572864321609,0.30270063087555854,0.14946402752128882,0.45593723422982824
6.969849246231156,0.2966254536731668,0.1433931547532844,0.44985775259304916
7.025125628140704,0.290980012463378,0.13775185085288805,0.444208174073868
7.080402010050252,0.28578809930011223,0.13256369454414033,0.43901250405608416
7.135678391959799,0.28107179612171673,0.12785054984343727,0.4342930423999962
7.190954773869347,0.27685137897346224,0.12363247579859735,0.4300702821483271
7.2462311557788945,0.2731452299552007,0.11992764420966714,0.4263628157007342
7.301507537688442,0.26996975728221245,0.11675226561632107,0.42318724894810383
7.356783919597991,0.26733932380805975,0.11412052378316481,0.42055812383295466
7.412060301507538,0.2652661843177036,0.11204451885981953,0.4184878497755877
7.467336683417086,0.26376043185711295,0.11053421933866109,0.4169866443755648
7.522613065326634,0.2628299533228219,0.10959742287983021,0.41606248376581356
7.577889447236181,0.2624803944908273,0.10923972602165838,0.41572106295999617
7.633165829145729,0.2627151346199313,0.10946450274658151,0.4159657664932811
7.688442211055277,0.2635352707195747,0.11027289182757494,0.4167976496115745
7.743718592964824,0.26493961152719747,0.1116637928403593,0.4182154302140356
7.798994974874372,0.2669246811949443,0.11363387069157693,0.4202154916983116
7.85427135678392,0.26948473264061934,0.11617756848395519,0.42279189679728346
7.909547738693468,0.27261177047333385,0.11928712851681678,0.4259364124298509
7.964824120603016,0.27629558336027904,0.12295262120328468,0.42963854551727343
8.020100502512562,0.2805237856581797,0.12716198167547801,0.4338855896408814
8.075376884422111,0.28528186809076966,0.13190105384463435,0.438662682336905
8.13065326633166,0.2905532572129678,0.13715364168460148,0.44395287274133416
8.185929648241206,0.29631938336294555,0.14290156751349495,0.4497371992123962
8.241206030150753,0.3025597567655124,0.14912473705935828,0.45599477647166653
8.296482412060302,0.30925205141422085,0.15580121110947537,0.46270289171896634
8.35175879396985,0.31637219632542957,0.16290728355977854,0.46983710909108056
8.407035175879397,0.3238944737256292,0.1704175656981237,0.47737138175313465
8.462311557788945,0.33179162370347015,0.17830507657273992,0.4852781708342004
8.517587939698494,0.3400349548305931,0.18654133931350866,0.4935285703476775
8.57286432160804,0.34859446023032636,0.19509648328642895,0.5020924371742238
8.628140703517587,0.3574389385511825,0.20393935197175928,0.5109385251306057
8.683417085427136,0.3665361192822907,0.21303761645908262,0.5200346221054988
8.738693467336685,0.375852791831249,0.22235789445005485,0.5293476892124431
8.793969849246231,0.38535493777084207,0.2318658746478571,0.538844000893827
8.84924623115578,0.39500786565014323,0.241526446391395,0.5484892849088915
8.904522613065328,0.40477634775738824,0.25130383436046766,0.5582488611543088
8.959798994974875,0.4146247582171675,0.26116173813450183,0.5680877782998331
9.015075376884422,0.424517211802239,0.27106347633061745,0.5779709472738606
9.07035175879397,0.43441770284154635,0.28097213497685114,0.5878632707062416
9.125628140703519,0.444290243609907,0.29085071969228804,0.5977297675275259
9.180904522613066,0.454099001591853,0.3006623111483331,0.6075356920353729
9.236180904522614,0.46380843502223446,0.3103702231750929,0.617246646869376
9.291457286432161,0.4733834261187573,0.3199381627546468,0.6268286894828677
9.34673366834171,0.4827894114375306,0.32933039101283085,0.6362484318622303
9.402010050251256,0.491992508800828,0.338511884183785,0.645473133417871
9.457286432160805,0.5009596402673395,0.34744849338350436,0.6544707871511747
9.512562814070352,0.5096586506384951,0.3561071018925319,0.6632101993844584
9.5678391959799,0.5180584210203985,0.36445577852172856,0.6716610635190683
9.623115577889449,0.5261289769885956,0.3724639255218096,0.6797940284553816
9.678391959798995,0.5338415909332604,0.3801024194066513,0.6875807624598695
9.733668341708544,0.5411688781940202,0.3873437429949508,0.6949940133930895
9.78894472361809,0.548084886627319,0.394162106942601,0.702007666312037
9.84422110552764,0.5545651792844168,0.40053355904142107,0.7085967995274126
9.899497487437186,0.5605869099143429,0.40643607960256245,0.7147377402261234
9.954773869346734,0.5661288910438451,0.41184966132555284,0.7204081207621373
10.010050251256281,0.571171654424653,0.4167563721747856,0.7255869366745205
10.06532663316583,0.5756975036775481,0.4211403999421133,0.730254607412983
10.120603015075378,0.5796905590022334,0.42498807736130884,0.734393040643158
10.175879396984925,0.5831367938619526,0.42828788685119,0.7379857008727152
10.231155778894474,0.586024063591382,0.431030444191456,0.7410176829913081
10.28643216080402,0.5883421259162742,0.4332084606711488,0.7434757911613996
10.341708542713569,0.5900826534123189,0.434816683486982,0.7453486233376558
10.396984924623116,0.591239237969332,0.4358518144005475,0.7466266615381165
10.452261306532664,0.5918073873648282,0.43631240688764494,0.7473023678420114
10.507537688442211,0.591784514087441,0.4361987422255692,0.7473702859493129
10.56281407035176,0.5911699165864639,0.43551268517083347,0.7468271480020943
10.618090452261308,0.5899647531576855,0.4342575200834624,0.7456719862319086
10.673366834170855,0.5881720087082104,0.4324377685662627,0.7439062488501581
10.728643216080403,0.5857964546736751,0.43005898992403035,0.7415339194233199
10.78391959798995,0.5828446023902112,0.42712756602484936,0.738561638755573
10.839195979899499,0.5793246502499846,0.42365047248972154,0.7349988280102476
10.894472361809045,0.5752464249941249,0.419635038572474,0.7308578114157759
10.949748743718594,0.5706213175188045,0.4150886986486897,0.7261539363889193
11.00502512562814,0.5654622135903565,0.4100187389403551,0.720905688240358
11.06030150753769,0.559783419882791,0.40443204398518884,0.7151347957803932
11.115577889447238,0.5536005857658908,0.39833484843479583,0.7088663230969857
11.170854271356784,0.5469306212845988,0.3917325010289194,0.7021287415402782
11.226130653266333,0.5397916117800755,0.38462924901709383,0.6949539745430572
11.28140703517588,0.5322027296101153,0.3770280528083464,0.6873774064118842
11.336683417085428,0.5241841434309421,0.36893044209529036,0.6794378447665939
11.391959798994975,0.5157569255047797,0.3603364259197791,0.6711774250897803
11.447236180904524,0.5069429574965791,0.3512444698422419,0.6626414451509164
11.50251256281407,0.4977648352206351,0.3416515531944373,0.6538781172468329
11.557788944723619,0.48824577279208103,0.331553317942642,0.6449382276415201
11.613065326633166,0.47840950663049847,0.32094431758892766,0.6358746956720693
11.668341708542714,0.4682801997528932,0.3098183695317583,0.6267420299740281
11.723618090452263,0.45788234678088013,0.2981690073694546,0.6175956861923056
11.77889447236181,0.44724068007288004,0.285990021094367,0.6084913390513931
11.834170854271358,0.4363800773757693,0.27327606376812347,0.5994840909834152
11.889447236180905,0.4253254713728044,0.2600232942936751,0.5906276484519337
11.944723618090453,0.41410176148479055,0.24623001879944828,0.5819735041701328
12.0,0.4027337282608988,0.23189728940830148,0.5735701671134962
